[
  {
    "id": 1,
    "name": "Master Ball",
    "category": "standard-balls",
    "cost": 0,
    "effect": "Assurément la Ball la plus performante. Elle permet de capturer à coup sûr un Pokémon sauvage.",
    "sprite": "master-ball.png"
  },
  {
    "id": 2,
    "name": "Hyper Ball",
    "category": "standard-balls",
    "cost": 800,
    "effect": "Une Ball ultraperformante dont le taux de réussite est supérieur à celui de la Super Ball.",
    "sprite": "hyper-ball.png"
  },
  {
    "id": 3,
    "name": "Super Ball",
    "category": "standard-balls",
    "cost": 600,
    "effect": "Une Ball très performante dont le taux de réussite est supérieur à celui de la Poké Ball.",
    "sprite": "great-ball.png"
  },
  {
    "id": 4,
    "name": "Poké Ball",
    "category": "standard-balls",
    "cost": 200,
    "effect": "Un objet pareil à une capsule, qui capture les Pokémon sauvages. Il suffit pour cela de le jeter comme une balle.",
    "sprite": "poke-ball.png"
  },
  {
    "id": 17,
    "name": "Potion",
    "category": "healing",
    "cost": 200,
    "effect": "Un spray qui soigne les blessures. Restaure 20 PV à un Pokémon.",
    "sprite": "potion.png"
  },
  {
    "id": 18,
    "name": "Antidote",
    "category": "status-cures",
    "cost": 200,
    "effect": "Un médicament sous forme de spray. Guérit un Pokémon empoisonné.",
    "sprite": "antidote.png"
  },
  {
    "id": 19,
    "name": "Anti-Brûle",
    "category": "status-cures",
    "cost": 200,
    "effect": "Un médicament sous forme de spray. Soigne les brûlures d’un Pokémon.",
    "sprite": "anti-brule.png"
  },
  {
    "id": 20,
    "name": "Antigel",
    "category": "status-cures",
    "cost": 200,
    "effect": "Un médicament sous forme de spray. Réchauffe un Pokémon gelé.",
    "sprite": "antigel.png"
  },
  {
    "id": 21,
    "name": "Réveil",
    "category": "status-cures",
    "cost": 200,
    "effect": "Un médicament sous forme de spray. Réveille un Pokémon endormi.",
    "sprite": "reveil.png"
  },
  {
    "id": 22,
    "name": "Anti-Para",
    "category": "status-cures",
    "cost": 200,
    "effect": "Un médicament sous forme de spray. Soigne un Pokémon de la paralysie.",
    "sprite": "anti-para.png"
  },
  {
    "id": 23,
    "name": "Guérison",
    "category": "healing",
    "cost": 3000,
    "effect": "Un médicament qui restaure tous les PV d’un Pokémon et soigne tous ses problèmes de statut.",
    "sprite": "guerison.png"
  },
  {
    "id": 24,
    "name": "Potion Max",
    "category": "healing",
    "cost": 2500,
    "effect": "Un spray qui soigne les blessures. Restaure tous les PV d’un Pokémon.",
    "sprite": "potion-max.png"
  },
  {
    "id": 25,
    "name": "Hyper Potion",
    "category": "healing",
    "cost": 1500,
    "effect": "Un spray qui soigne les blessures. Restaure 200 PV à un Pokémon.",
    "sprite": "hyper-potion.png"
  },
  {
    "id": 26,
    "name": "Super Potion",
    "category": "healing",
    "cost": 700,
    "effect": "Un spray qui soigne les blessures. Restaure 50 PV à un Pokémon.",
    "sprite": "super-potion.png"
  },
  {
    "id": 27,
    "name": "Total Soin",
    "category": "status-cures",
    "cost": 400,
    "effect": "Un médicament sous forme de spray. Soigne tous les problèmes de statut d’un Pokémon.",
    "sprite": "total-soin.png"
  },
  {
    "id": 30,
    "name": "Eau Fraîche",
    "category": "healing",
    "cost": 200,
    "effect": "Une eau riche en minéraux. Restaure 50 PV à un Pokémon.",
    "sprite": "eau-fraiche.png"
  }
]